datetime,tempmax,tempmin,temp,feelslikemax,feelslikemin,feelslike,humidity,precip,precipprob,preciptype,cloudcover
2008-01-01,43.4,32.0,39.0,40.9,25.0,34.3,49.7,0.02,100,"rain,snow",28.5
2008-01-02,42.9,30.9,35.7,40.2,23.0,31.2,57.5,0.008,100,"rain,snow",28.4
2008-01-03,39.9,30.7,35.3,39.3,23.2,32.1,58.9,0.0,0,"rain,snow",66.5
2008-01-04,51.5,37.9,44.3,51.5,32.4,42.4,57.0,0.0,0,,87.7
2008-01-05,49.4,40.8,46.3,49.4,37.6,45.5,90.9,0.051,100,rain,95.3
2008-01-06,50.1,43.3,49.0,50.1,43.3,48.1,96.3,1.185,100,rain,98.7
2008-01-07,52.4,42.8,47.8,52.4,41.2,47.4,91.0,0.012,100,rain,94.3
2008-01-08,60.5,36.9,49.5,60.5,35.9,49.1,65.9,0.202,100,rain,37.5
2008-01-09,46.8,39.3,44.6,46.7,36.4,43.9,86.2,0.0,0,,84.6
2008-01-10,49.6,41.9,46.0,49.6,40.3,45.7,90.2,0.0,0,,86.5
2008-01-11,51.3,42.5,48.0,51.3,42.5,47.2,94.7,0.35,100,rain,99.2
2008-01-12,58.7,49.0,53.3,58.7,46.1,53.1,82.1,1.134,100,rain,90.5
2008-01-13,54.4,46.0,49.9,54.4,42.7,49.1,78.6,0.672,100,rain,97.5
2008-01-14,53.7,41.2,46.8,53.7,39.4,46.2,74.8,0.011,100,rain,55.6
2008-01-15,53.3,42.6,47.3,53.3,41.2,46.7,86.2,0.298,100,rain,91.3
2008-01-16,52.4,47.7,50.0,52.4,44.5,48.6,87.1,0.288,100,rain,91.5
2008-01-17,52.0,48.8,50.4,52.0,47.6,50.1,89.2,0.577,100,rain,96.7
2008-01-18,51.8,45.8,49.4,51.8,45.8,49.4,92.5,0.417,100,rain,93.2
2008-01-19,49.7,42.5,46.1,49.7,42.5,46.1,91.0,0.012,100,rain,79.0
2008-01-20,46.5,37.7,43.3,46.5,37.7,43.0,89.3,0.0,0,,89.0
2008-01-21,46.5,43.0,44.8,46.5,41.6,44.7,84.7,0.0,0,,98.4
2008-01-22,49.2,44.5,46.6,47.9,41.4,45.6,90.1,0.228,100,rain,88.3
2008-01-23,47.6,38.6,42.9,43.4,33.3,38.6,38.7,0.02,100,rain,10.3
2008-01-24,56.5,34.2,44.1,56.5,30.6,42.5,45.7,0.0,0,,5.0
2008-01-25,55.5,35.0,45.0,55.5,31.9,44.0,53.0,0.0,0,,37.9
2008-01-26,57.8,35.6,46.0,57.8,30.8,44.6,39.6,0.0,0,,6.0
2008-01-27,49.7,33.6,41.3,49.7,30.4,40.6,68.9,0.0,0,,62.5
2008-01-28,55.0,35.0,47.1,55.0,31.5,45.8,57.2,0.0,0,,19.7
2008-01-29,56.4,37.4,46.1,56.4,33.2,44.9,61.3,0.0,0,,8.3
2008-01-30,46.8,36.2,43.7,46.8,31.8,42.9,78.0,0.118,100,rain,80.3
2008-01-31,51.1,40.0,46.4,51.1,37.5,45.8,83.8,0.658,100,rain,83.7
2008-02-01,48.5,36.9,44.5,48.5,32.6,43.8,83.3,0.0,0,,87.7
2008-02-02,50.3,42.9,47.5,50.3,40.6,46.2,92.9,1.056,100,rain,91.2
2008-02-03,47.9,41.7,44.5,47.9,33.6,41.8,78.5,1.024,100,rain,96.6
2008-02-04,55.0,45.5,49.8,55.0,44.8,48.8,92.2,1.197,100,rain,93.9
2008-02-05,58.2,43.3,51.9,58.2,41.0,51.8,68.2,0.169,100,rain,60.0
2008-02-06,56.0,39.8,47.3,56.0,37.4,46.9,76.0,0.0,0,,39.5
2008-02-07,57.3,40.7,50.1,57.3,38.4,49.0,46.8,0.0,0,,18.7
2008-02-08,49.7,41.5,45.9,49.7,36.3,41.7,41.0,0.0,0,,28.2
2008-02-09,50.6,42.7,45.9,50.6,36.4,42.8,47.8,0.0,0,,13.8
2008-02-10,49.7,40.6,44.9,48.4,34.2,42.5,51.8,0.0,0,,44.1
2008-02-11,48.8,39.2,42.6,47.1,32.7,38.5,46.0,0.0,0,,24.7
2008-02-12,49.7,33.2,40.2,49.7,28.2,37.0,48.0,0.0,0,,3.4
2008-02-13,54.6,32.2,41.4,54.6,24.6,39.4,42.7,0.0,0,,0.0
2008-02-14,56.4,31.0,42.6,56.4,26.8,41.2,48.0,0.0,0,,0.0
2008-02-15,47.6,32.3,40.1,47.6,28.0,36.5,51.8,0.0,0,,12.3
2008-02-16,42.2,29.9,35.7,36.8,22.5,30.9,38.7,0.0,0,,6.6
2008-02-17,40.5,21.0,31.7,40.5,9.1,28.1,37.7,0.0,0,,16.4
2008-02-18,47.9,27.3,36.9,47.9,20.7,34.6,45.8,0.0,0,,19.0
2008-02-19,52.1,28.6,39.6,52.1,22.3,38.3,66.6,0.0,0,,9.2
2008-02-20,51.2,31.3,42.3,51.2,26.2,40.5,77.6,0.0,0,,70.5
2008-02-21,54.0,38.9,45.2,54.0,35.7,43.9,65.5,0.0,0,,21.8
2008-02-22,55.5,35.4,44.4,55.5,31.4,43.2,65.8,0.0,0,,38.7
2008-02-23,56.4,36.7,45.6,56.4,33.8,44.6,67.0,0.0,0,,37.8
2008-02-24,58.4,36.2,46.0,58.4,36.2,46.0,74.3,0.0,0,,14.2
2008-02-25,58.3,36.2,43.4,58.3,36.2,42.8,86.6,0.0,0,,21.1
2008-02-26,47.4,36.7,41.4,47.4,35.0,41.0,92.5,0.0,0,,47.2
2008-02-27,47.7,42.7,45.4,47.7,39.3,44.9,93.2,0.012,100,rain,95.3
2008-02-28,59.1,44.8,51.2,59.1,44.8,51.2,79.3,0.0,0,,80.6
2008-02-29,50.3,41.3,47.7,50.3,39.7,47.7,92.2,0.0,0,,91.4
2008-03-01,55.7,45.3,50.5,55.7,42.7,49.4,89.9,0.107,100,rain,85.7
2008-03-02,57.2,40.6,50.7,57.2,37.3,50.0,81.4,0.0,0,,35.5
2008-03-03,58.8,48.7,53.7,58.8,46.1,53.5,76.9,0.0,0,,67.0
2008-03-04,55.4,39.3,46.8,55.4,31.2,42.2,73.5,0.201,100,rain,88.7
2008-03-05,44.0,35.6,41.8,39.0,25.6,33.2,54.5,0.062,100,rain,80.4
2008-03-06,41.4,32.5,38.5,34.1,19.9,28.6,47.7,0.0,0,,69.0
2008-03-07,49.3,35.8,43.6,49.3,24.5,38.2,64.9,0.116,100,rain,90.6
2008-03-08,56.0,37.9,46.1,56.0,32.2,44.1,81.0,0.233,100,rain,88.4
2008-03-09,50.3,37.8,45.7,50.3,35.5,45.6,86.6,0.039,100,rain,84.0
2008-03-10,55.4,44.5,49.5,55.4,40.0,48.4,86.3,0.388,100,rain,89.6
2008-03-11,52.1,41.9,48.8,52.1,39.2,47.9,89.1,0.28,100,rain,81.6
2008-03-12,54.2,37.7,47.2,54.2,34.2,46.5,86.0,0.0,0,,72.5
2008-03-13,61.1,46.0,53.3,61.1,42.6,52.8,66.3,0.012,100,rain,45.1
2008-03-14,59.0,41.5,51.5,59.0,38.6,50.5,64.8,0.0,0,,51.5
2008-03-15,58.7,45.0,53.2,58.7,43.7,52.9,70.9,0.0,0,,80.9
2008-03-16,55.6,51.4,52.8,55.6,51.4,52.8,90.2,0.11,100,rain,92.8
2008-03-17,60.2,43.4,52.5,60.2,40.7,52.1,76.3,0.167,100,rain,57.3
2008-03-18,50.4,39.8,45.2,50.4,33.9,41.6,69.4,0.241,100,rain,66.0
2008-03-19,54.2,32.5,44.6,54.2,24.6,41.7,44.6,0.11,100,"rain,snow",11.1
2008-03-20,53.7,33.8,44.0,53.7,26.7,41.2,43.2,0.0,0,,50.5
2008-03-21,51.8,30.3,43.3,51.8,26.8,40.6,59.4,0.0,0,,74.2
2008-03-22,54.9,42.8,48.4,54.9,38.2,46.1,77.8,1.14,100,rain,93.6
2008-03-23,51.1,37.2,44.8,51.1,34.3,42.5,80.4,0.377,100,rain,85.6
2008-03-24,45.9,36.7,41.4,45.9,32.5,39.4,82.3,1.202,100,rain,90.6
2008-03-25,47.4,33.8,40.0,47.4,28.8,37.5,66.7,0.029,100,"rain,snow",62.5
2008-03-26,53.5,31.7,44.0,53.5,25.9,42.3,56.0,0.012,100,rain,37.7
2008-03-27,54.2,44.7,48.8,54.2,42.0,47.6,76.8,0.407,100,rain,88.9
2008-03-28,60.5,46.1,51.6,60.5,42.3,50.7,63.9,0.012,100,rain,72.8
2008-03-29,65.3,42.3,53.7,65.3,42.3,53.6,60.2,0.0,0,,20.7
2008-03-30,66.3,45.1,54.8,66.3,40.1,53.8,50.2,0.045,100,rain,5.7
2008-03-31,65.6,41.5,53.5,65.6,39.0,53.1,56.0,0.0,0,,41.5
2008-04-01,70.1,42.9,59.9,70.1,40.8,59.8,47.3,0.0,0,,20.9
2008-04-02,61.8,45.1,53.6,61.8,41.7,53.1,65.5,0.28,100,rain,73.9
2008-04-03,60.0,42.9,51.2,60.0,40.1,50.4,55.6,0.001,100,rain,63.9
2008-04-04,60.2,49.5,54.9,60.2,48.4,54.8,39.6,0.0,0,,48.7
2008-04-05,59.6,45.9,52.5,59.6,41.6,51.6,46.9,0.0,0,,43.8
2008-04-06,60.3,41.1,51.3,60.3,36.2,50.5,57.6,0.0,0,,41.0
2008-04-07,62.7,52.4,55.9,62.7,52.4,55.9,72.0,0.021,100,rain,82.2
2008-04-08,58.3,51.3,55.5,58.3,51.3,55.5,82.0,0.161,100,rain,78.5
2008-04-09,61.1,51.1,55.1,61.1,51.1,55.1,85.9,0.123,100,rain,95.5
2008-04-10,60.3,51.9,54.9,60.3,51.9,54.9,93.0,1.188,100,rain,96.9
2008-04-11,64.1,55.7,58.3,64.1,55.7,58.3,87.0,0.525,100,rain,88.5
2008-04-12,62.7,50.3,57.5,62.7,50.3,57.5,82.3,0.33,100,rain,79.5
2008-04-13,59.3,46.4,51.6,59.3,44.9,51.5,81.5,0.37,100,rain,73.5
2008-04-14,61.1,44.9,52.7,61.1,43.0,52.4,77.2,0.0,0,,57.5
2008-04-15,54.2,47.1,49.9,54.2,45.6,49.4,87.2,0.519,100,rain,82.3
2008-04-16,55.9,46.5,50.1,55.9,45.0,49.5,80.7,0.285,100,rain,64.1
2008-04-17,62.4,49.7,54.5,62.4,48.6,54.4,77.5,1.079,100,rain,78.1
2008-04-18,62.8,52.3,56.2,62.8,52.3,56.2,80.8,0.479,100,rain,88.3
2008-04-19,68.9,51.2,58.4,68.9,51.2,58.4,76.7,0.809,100,rain,68.4
2008-04-20,68.0,54.0,60.0,68.0,54.0,60.0,75.2,0.0,0,,47.4
2008-04-21,67.7,50.6,56.9,67.7,50.6,56.9,74.0,0.792,100,rain,62.2
2008-04-22,56.0,51.5,54.0,56.0,51.5,54.0,88.2,0.296,100,rain,84.9
2008-04-23,61.2,47.9,54.5,61.2,47.4,54.4,82.4,0.238,100,rain,70.8
2008-04-24,67.5,47.6,58.3,67.5,45.7,58.2,54.3,0.091,100,rain,36.9
2008-04-25,62.9,47.6,54.0,62.9,45.8,53.6,69.8,0.24,100,rain,45.2
2008-04-26,65.9,45.2,55.9,65.9,43.8,55.3,57.3,0.0,0,,38.4
2008-04-27,69.9,49.2,60.2,69.9,49.2,60.2,49.6,0.0,0,,19.0
2008-04-28,69.9,50.7,59.8,69.9,50.7,59.8,49.0,0.0,0,,26.5
2008-04-29,54.9,49.7,52.0,54.9,47.0,51.8,82.6,0.402,100,rain,86.5
2008-04-30,62.7,50.6,55.8,62.7,50.6,55.8,84.0,0.112,100,rain,82.7
2008-05-01,63.8,56.0,58.8,63.8,56.0,58.8,85.6,0.419,100,rain,80.5
2008-05-02,72.2,53.1,62.2,72.2,53.1,62.2,60.0,0.02,100,rain,31.6
2008-05-03,70.4,49.9,62.5,70.4,47.4,62.3,52.1,0.0,0,,46.3
2008-05-04,70.1,56.9,63.6,70.1,56.9,63.6,47.8,0.0,0,,59.1
2008-05-05,63.9,51.5,58.3,63.9,51.5,58.3,61.7,0.045,100,rain,66.7
2008-05-06,66.6,50.8,59.2,66.6,50.8,59.2,61.3,0.0,0,,58.1
2008-05-07,70.1,54.4,63.3,70.1,54.4,63.3,48.8,0.0,0,,27.3
2008-05-08,71.0,52.8,62.8,71.0,52.8,62.8,50.0,0.0,0,,24.3
2008-05-09,75.5,50.9,64.0,75.5,50.9,64.0,54.3,0.0,0,,30.1
2008-05-10,75.5,58.4,67.0,75.5,58.4,67.0,47.0,0.0,0,,22.0
2008-05-11,74.5,56.8,64.9,74.5,56.8,64.9,44.3,0.0,0,,18.1
2008-05-12,74.8,53.6,65.6,74.8,53.6,65.6,39.7,0.0,0,,25.6
2008-05-13,76.7,54.0,66.1,76.7,54.0,66.1,46.6,0.0,0,,30.9
2008-05-14,74.6,55.5,65.5,74.6,55.5,65.5,60.2,0.006,100,rain,40.2
2008-05-15,71.7,53.7,63.7,71.7,53.7,63.7,71.0,0.0,0,,41.0
2008-05-16,70.0,59.1,64.0,70.0,59.1,64.0,81.7,0.15,100,rain,80.7
2008-05-17,68.5,60.9,64.8,68.5,60.9,64.8,76.1,0.031,100,rain,81.3
2008-05-18,70.8,60.5,63.5,70.8,60.5,63.5,80.9,0.379,100,rain,88.9
2008-05-19,74.6,58.4,66.2,74.6,58.4,66.2,72.2,0.044,100,rain,84.7
2008-05-20,64.7,57.5,61.2,64.7,57.5,61.2,77.6,0.502,100,rain,79.3
2008-05-21,63.6,56.6,59.3,63.6,56.6,59.3,78.8,0.451,100,rain,85.6
2008-05-22,66.5,55.5,60.6,66.5,55.5,60.6,84.6,0.498,100,rain,80.6
2008-05-23,68.6,57.2,62.1,68.6,57.2,62.1,85.6,0.122,100,rain,68.1
2008-05-24,71.6,57.0,63.5,71.6,57.0,63.5,80.2,0.012,100,rain,67.6
2008-05-25,71.7,61.7,66.5,71.7,61.7,66.5,73.7,0.0,0,,73.0
2008-05-26,78.2,59.6,68.8,78.2,59.6,68.8,67.0,0.0,0,,62.9
2008-05-27,84.8,61.0,73.3,83.7,61.0,73.1,58.8,0.0,0,,3.6
2008-05-28,83.6,63.3,75.3,82.9,63.3,75.2,55.0,0.0,0,,24.2
2008-05-29,89.9,65.4,77.3,87.4,65.4,76.9,52.6,0.0,0,,41.4
2008-05-30,77.6,64.8,73.0,77.6,64.8,73.0,65.9,0.012,100,rain,43.2
2008-05-31,75.5,62.1,68.4,75.5,62.1,68.4,71.7,0.0,0,,42.0
2008-06-01,78.7,62.0,70.2,78.7,62.0,70.2,74.2,0.0,0,,35.8
2008-06-02,86.1,63.6,74.6,86.3,63.6,74.7,63.0,0.0,0,,48.0
2008-06-03,78.9,66.0,72.7,78.9,66.0,72.7,65.8,0.061,100,rain,68.1
2008-06-04,74.6,62.7,66.9,74.6,62.7,66.9,83.7,0.898,100,rain,75.6
2008-06-05,68.3,62.3,64.7,68.3,62.3,64.7,89.6,0.58,100,rain,83.0
2008-06-06,71.7,61.4,64.5,71.7,61.4,64.5,84.2,0.862,100,rain,81.5
2008-06-07,72.2,59.1,65.2,72.2,59.1,65.2,82.7,0.173,100,rain,69.6
2008-06-08,77.2,60.9,68.3,77.2,60.9,68.3,68.2,0.054,100,rain,64.7
2008-06-09,78.7,61.8,70.5,78.7,61.8,70.5,62.1,0.0,0,,41.4
2008-06-10,82.0,62.1,72.6,82.2,62.1,72.7,59.9,0.0,0,,15.5
2008-06-11,77.3,60.9,70.3,77.3,60.9,70.3,71.6,0.0,0,,38.7
2008-06-12,70.8,60.5,64.5,70.8,60.5,64.5,82.9,0.934,100,rain,85.9
2008-06-13,70.4,58.4,63.8,70.4,58.4,63.8,69.1,0.041,100,rain,83.5
2008-06-14,62.2,55.0,59.5,62.2,55.0,59.5,57.9,0.055,100,rain,85.2
2008-06-15,71.3,56.5,63.4,71.3,56.5,63.4,60.3,0.0,0,,57.5
2008-06-16,70.1,58.5,64.1,70.1,58.5,64.1,77.8,0.031,100,rain,82.0
2008-06-17,75.2,63.5,68.2,75.2,63.5,68.2,83.2,0.033,100,rain,82.8
2008-06-18,75.0,59.3,67.1,75.0,59.3,67.1,82.2,1.358,100,rain,65.4
2008-06-19,82.1,61.8,72.4,81.2,61.8,72.3,60.4,0.0,0,,24.6
2008-06-20,85.4,60.8,74.9,84.7,60.8,74.8,55.7,0.0,0,,27.2
2008-06-21,88.7,65.6,78.5,86.8,65.6,78.1,53.8,0.0,0,,12.4
2008-06-22,87.8,67.9,78.2,89.5,67.9,78.8,58.9,0.0,0,,1.7
2008-06-23,86.3,66.2,77.5,87.6,66.2,77.7,56.9,0.0,0,,1.3
2008-06-24,89.5,69.3,79.4,92.2,69.3,80.6,65.4,0.0,0,,9.2
2008-06-25,92.8,71.4,81.5,98.6,71.4,83.5,59.9,0.0,0,,3.5
2008-06-26,92.6,71.6,82.7,99.5,71.6,84.6,58.4,0.0,0,,12.8
2008-06-27,90.6,73.7,81.9,92.3,73.7,83.0,60.4,0.0,0,,48.3
2008-06-28,87.7,74.1,80.1,87.9,74.1,80.2,52.6,0.039,100,rain,39.6
2008-06-29,89.7,71.4,80.7,88.7,71.4,80.5,50.5,0.0,0,,17.7
2008-06-30,88.1,68.5,79.6,88.1,68.5,79.7,55.0,0.0,0,,25.3
2008-07-01,89.9,70.8,80.5,89.8,70.8,80.5,52.2,0.0,0,,39.9
2008-07-02,90.7,67.9,80.2,91.0,67.9,80.2,54.2,0.0,0,,47.1
2008-07-03,87.5,70.1,78.7,89.7,70.1,79.7,63.3,0.0,0,,26.9
2008-07-04,87.9,72.3,79.9,91.4,72.3,81.3,66.1,0.0,0,,50.4
2008-07-05,85.8,64.7,76.4,85.6,64.7,76.6,61.7,0.086,100,rain,43.9
2008-07-06,88.1,68.7,78.9,88.5,68.7,78.8,53.8,0.0,0,,25.8
2008-07-07,86.1,72.5,79.0,87.4,72.5,79.7,67.7,0.078,100,rain,55.5
2008-07-08,82.1,65.6,73.3,81.6,65.6,73.3,61.1,0.141,100,rain,53.5
2008-07-09,84.4,63.9,74.2,82.8,63.9,73.9,51.3,0.0,0,,15.0
2008-07-10,88.0,64.2,77.3,86.5,64.2,76.9,55.5,0.0,0,,10.6
2008-07-11,88.1,65.6,78.1,87.6,65.6,78.1,57.4,0.0,0,,19.1
2008-07-12,89.3,69.2,79.5,89.0,69.2,79.6,56.8,0.0,0,,32.2
2008-07-13,88.4,73.7,79.8,87.4,73.7,80.6,58.1,0.0,0,,56.3
2008-07-14,81.4,64.7,74.0,81.4,64.7,74.0,66.1,0.661,100,rain,63.4
2008-07-15,80.7,64.7,73.2,80.0,64.7,73.1,43.5,0.0,0,,26.8
2008-07-16,83.0,63.6,74.1,81.8,63.6,73.8,51.3,0.0,0,,14.1
2008-07-17,82.7,63.8,74.8,84.0,63.8,75.0,55.3,0.0,0,,40.8
2008-07-18,75.5,62.3,68.6,75.5,62.3,68.6,73.4,0.481,100,rain,68.1
2008-07-19,84.3,61.1,73.6,82.9,61.1,73.3,55.6,0.0,0,,10.8
2008-07-20,84.1,64.1,74.8,86.4,64.1,75.3,69.4,0.0,0,,35.1
2008-07-21,75.8,65.0,70.1,75.8,65.0,70.1,66.5,0.372,100,rain,70.5
2008-07-22,73.6,59.5,66.9,73.6,59.5,66.9,48.7,0.0,0,,63.1
2008-07-23,76.7,56.7,67.4,76.7,56.7,67.4,46.8,0.0,0,,62.5
2008-07-24,83.5,63.7,73.0,82.2,63.7,72.9,48.7,0.0,0,,52.6
2008-07-25,83.9,66.1,74.3,83.3,66.1,74.3,56.4,0.002,100,rain,66.6
2008-07-26,84.8,66.0,75.7,84.8,66.0,75.7,61.7,0.0,0,,44.0
2008-07-27,88.1,71.1,78.9,88.8,71.1,79.0,59.3,0.0,0,,56.7
2008-07-28,89.3,70.4,80.2,91.1,70.4,80.6,55.6,0.0,0,,27.8
2008-07-29,91.6,71.8,81.2,90.5,71.8,81.0,50.7,0.0,0,,16.7
2008-07-30,89.4,68.3,78.7,89.8,68.3,79.1,59.0,0.0,0,,44.6
2008-07-31,92.9,71.7,82.0,92.2,71.7,81.8,49.6,0.0,0,,32.0
2008-08-01,92.6,71.5,82.0,92.5,71.5,82.5,55.2,0.0,0,,13.0
2008-08-02,90.2,71.9,81.5,93.0,71.9,82.3,57.6,0.012,100,rain,14.8
2008-08-03,94.3,70.2,82.1,94.3,70.2,82.1,53.5,0.0,0,,10.8
2008-08-04,91.7,70.5,81.2,92.9,70.5,81.9,57.6,0.0,0,,20.5
2008-08-05,91.7,73.8,82.1,93.0,73.8,83.2,58.0,0.0,0,,21.1
2008-08-06,89.7,73.7,80.5,88.2,73.7,80.1,49.4,0.081,100,rain,24.9
2008-08-07,89.9,70.4,80.3,88.3,70.4,79.8,47.1,0.0,0,,28.1
2008-08-08,88.8,69.5,78.2,91.2,69.5,79.0,62.8,0.012,100,rain,44.2
2008-08-09,83.6,63.3,74.8,81.7,63.3,74.4,50.3,0.945,100,rain,39.4
2008-08-10,84.0,64.7,74.6,82.2,64.7,74.3,49.8,0.0,0,,33.7
2008-08-11,87.9,64.1,76.1,85.7,64.1,75.4,51.6,0.0,0,,7.4
2008-08-12,84.7,66.7,75.4,86.0,66.7,75.7,63.8,0.0,0,,36.4
2008-08-13,88.7,71.9,79.7,89.1,71.9,79.6,52.3,0.0,0,,31.2
2008-08-14,91.1,71.0,81.4,91.2,71.0,81.6,55.8,0.005,100,rain,21.3
2008-08-15,87.6,65.9,76.9,87.9,65.9,77.2,64.1,0.118,100,rain,70.1
2008-08-16,74.0,59.1,66.5,74.0,59.1,66.5,73.8,2.647,100,rain,64.9
2008-08-17,78.1,61.9,69.7,78.1,61.9,69.7,58.0,0.0,0,,52.0
2008-08-18,83.6,62.1,72.7,82.2,62.1,72.6,55.3,0.0,0,,4.9
2008-08-19,86.1,62.1,74.7,85.3,62.1,74.3,55.2,0.0,0,,4.9
2008-08-20,87.2,65.3,75.7,87.2,65.3,75.8,61.5,0.0,0,,5.4
2008-08-21,89.3,68.1,78.1,89.4,68.1,78.2,58.5,0.0,0,,13.6
2008-08-22,87.7,67.2,77.6,87.7,67.2,77.6,56.9,0.0,0,,5.8
2008-08-23,82.1,69.1,75.5,84.6,69.1,75.8,66.5,0.0,0,,58.1
2008-08-24,75.8,62.7,69.1,75.8,62.7,69.1,57.5,0.662,100,rain,40.1
2008-08-25,81.2,61.2,70.3,80.1,61.2,70.2,50.3,0.0,0,,48.8
2008-08-26,82.7,56.4,72.1,81.4,56.4,71.8,48.9,0.0,0,,15.1
2008-08-27,84.8,62.6,75.4,83.6,62.6,75.1,50.2,0.0,0,,4.2
2008-08-28,86.0,66.7,76.6,84.6,66.7,76.2,50.1,0.0,0,,10.4
2008-08-29,87.2,68.8,77.5,86.2,68.8,77.4,51.5,0.0,0,,41.6
2008-08-30,84.5,66.6,75.8,83.6,66.6,75.7,52.7,0.0,0,,19.3
2008-08-31,80.9,67.7,74.1,80.6,67.7,74.1,50.6,0.0,0,,44.8
2008-09-01,82.7,65.0,74.0,81.7,65.0,73.9,53.0,0.0,0,,52.4
2008-09-02,83.0,66.9,73.5,82.7,66.9,73.6,68.2,0.0,0,,36.9
2008-09-03,82.0,66.2,73.3,83.3,66.2,73.5,72.8,0.0,0,,42.9
2008-09-04,80.6,71.0,75.1,83.5,71.0,75.4,79.3,0.0,0,,62.0
2008-09-05,82.5,71.9,75.3,86.0,71.9,75.5,78.4,0.51,100,rain,71.7
2008-09-06,85.8,70.4,77.6,89.9,70.4,78.6,71.6,0.0,0,,37.9
2008-09-07,85.9,71.4,77.8,86.9,71.4,78.6,66.7,0.0,0,,53.4
2008-09-08,83.9,66.4,74.9,84.2,66.4,75.1,68.1,0.259,100,rain,28.0
2008-09-09,84.3,65.5,74.5,83.3,65.5,74.3,53.9,0.0,0,,2.1
2008-09-10,87.2,64.5,75.2,84.0,64.5,74.3,44.3,0.0,0,,9.6
2008-09-11,86.6,64.6,75.4,84.7,64.6,75.1,52.0,0.0,0,,33.8
2008-09-12,85.8,68.0,75.3,87.5,68.0,75.6,66.0,0.0,0,,51.0
2008-09-13,71.0,57.2,66.3,71.0,57.2,66.3,75.1,1.144,100,rain,85.3
2008-09-14,65.0,53.9,58.8,65.0,53.9,58.8,59.1,0.229,100,rain,70.9
2008-09-15,61.4,48.0,56.5,61.4,46.4,56.4,56.8,0.0,0,,50.7
2008-09-16,18.6,12.2,14.9,18.6,12.2,14.9,47.6,0.0,0,,74.6
2008-09-17,20.0,9.4,15.1,20.0,7.8,15.1,47.8,0.0,0,,20.1
2008-09-18,19.8,10.1,14.5,19.8,10.1,14.5,58.5,0.0,0,,49.1
2008-09-19,20.1,11.3,15.4,20.1,11.3,15.4,52.8,0.0,0,,53.8
2008-09-20,19.0,9.3,14.4,19.0,9.3,14.4,49.3,0.0,0,,40.9
2008-09-21,17.8,12.1,14.4,17.8,12.1,14.4,50.2,0.299,100,rain,66.8
2008-09-22,17.1,10.6,13.7,17.1,10.6,13.7,57.9,0.0,0,,61.7
2008-09-23,18.8,12.1,14.7,18.8,12.1,14.7,57.7,0.001,100,rain,63.7
2008-09-24,20.3,10.5,15.5,20.3,10.5,15.5,52.7,0.189,100,rain,22.1
2008-09-25,16.4,11.1,14.1,16.4,11.1,14.1,58.8,0.004,100,rain,52.7
2008-09-26,15.2,13.8,14.5,15.2,13.8,14.5,55.9,0.008,100,rain,70.9
2008-09-27,18.1,13.0,15.3,18.1,13.0,15.3,48.6,0.152,100,rain,68.0
2008-09-28,20.0,10.4,15.1,20.0,10.4,15.1,48.3,0.0,0,,20.5
2008-09-29,20.1,9.1,14.3,20.1,7.1,14.2,53.7,0.0,0,,13.2
2008-09-30,18.1,9.2,14.6,18.1,8.5,14.5,72.0,0.0,0,,51.1
2008-10-01,19.2,15.1,16.7,19.2,15.1,16.7,86.5,21.798,100,rain,85.4
2008-10-02,21.1,16.3,17.9,21.1,16.3,17.9,78.7,1.994,100,rain,75.6
2008-10-03,20.4,13.8,17.5,20.4,13.8,17.5,82.0,1.302,100,rain,75.8
2008-10-04,16.0,8.3,12.9,16.0,6.8,12.9,63.0,35.356,100,rain,57.8
2008-10-05,17.6,8.2,12.6,17.6,6.3,12.1,52.8,0.0,0,,14.6
2008-10-06,19.2,10.0,14.4,19.2,10.0,14.4,69.5,0.0,0,,23.7
2008-10-07,18.2,11.0,14.9,18.2,11.0,14.9,77.3,0.0,0,,68.0
2008-10-08,18.0,14.3,16.1,18.0,14.3,16.1,84.0,0.307,100,rain,85.4
2008-10-09,22.6,12.5,17.1,22.6,12.5,17.1,76.7,0.0,0,,48.8
2008-10-10,24.1,14.0,18.7,24.1,14.0,18.7,63.8,0.0,0,,10.8
2008-10-11,23.5,12.7,18.0,23.5,12.7,18.0,56.5,0.0,0,,16.2
2008-10-12,22.3,12.2,16.9,22.3,12.2,16.9,66.5,0.0,0,,7.1
2008-10-13,25.8,10.6,18.8,25.8,10.6,18.8,52.6,0.0,0,,38.5
2008-10-14,24.8,14.4,18.6,24.8,14.4,18.6,45.8,0.0,0,,12.4
2008-10-15,22.9,13.1,17.7,22.9,13.1,17.7,66.4,0.0,0,,40.0
2008-10-16,19.1,14.1,16.2,19.1,14.1,16.2,88.2,4.085,100,rain,80.6
2008-10-17,19.7,9.5,14.3,19.7,9.5,14.3,80.0,19.399,100,rain,74.5
2008-10-18,19.3,7.8,13.5,19.3,6.6,13.4,50.6,1.296,100,rain,29.1
2008-10-19,20.8,9.0,14.0,20.8,8.1,13.9,61.4,0.0,0,,7.2
2008-10-20,19.9,8.9,14.2,19.9,8.1,14.1,71.2,0.0,0,,11.1
2008-10-21,17.3,10.7,14.1,17.3,10.7,14.1,80.9,0.299,100,rain,78.1
2008-10-22,19.1,14.5,16.2,19.1,14.5,16.2,86.9,0.3,100,rain,79.6
2008-10-23,19.3,12.7,16.0,19.3,12.7,16.0,67.5,0.0,0,,56.1
2008-10-24,20.0,10.1,14.8,20.0,10.1,14.8,59.6,0.0,0,,45.3
2008-10-25,17.8,10.3,13.6,17.8,10.3,13.6,64.5,0.0,0,,30.8
2008-10-26,18.1,8.8,13.2,18.1,7.7,13.0,67.3,0.0,0,,10.1
2008-10-27,16.7,9.1,13.5,16.7,9.1,13.5,79.8,0.0,0,,79.6
2008-10-28,19.0,14.4,16.6,19.0,14.4,16.6,84.8,27.444,100,rain,85.7
2008-10-29,21.0,16.3,18.1,21.0,16.3,18.1,85.6,5.028,100,rain,89.7
2008-10-30,18.1,11.1,15.5,18.1,11.1,15.5,70.5,30.294,100,rain,70.4
2008-10-31,18.0,13.6,15.9,18.0,13.6,15.9,74.6,4.537,100,rain,81.4
2008-11-01,19.6,14.1,15.7,19.6,14.1,15.7,88.0,94.989,100,rain,91.4
2008-11-02,19.8,12.8,15.7,19.8,12.8,15.7,84.5,0.001,100,rain,58.2
2008-11-03,21.1,13.5,16.6,21.1,13.5,16.6,81.0,0.0,0,,51.7
2008-11-04,19.6,13.8,17.2,19.6,13.8,17.2,75.3,0.499,100,rain,83.4
2008-11-05,20.3,13.3,16.5,20.3,13.3,16.5,88.0,96.796,100,rain,81.8
2008-11-06,20.1,14.1,15.8,20.1,14.1,15.8,86.1,35.936,100,rain,90.5
2008-11-07,15.8,12.8,14.2,15.8,12.8,14.2,87.9,11.247,100,rain,88.3
2008-11-08,14.3,10.8,12.9,14.3,10.8,12.9,89.6,2.37,100,rain,80.6
2008-11-09,17.1,9.7,13.2,17.1,9.0,13.2,85.7,3.574,100,rain,58.6
2008-11-10,17.0,8.8,12.0,17.0,8.3,11.9,81.3,0.0,0,,26.0
2008-11-11,12.9,8.8,11.3,12.9,8.8,11.3,87.4,0.0,0,,91.5
2008-11-12,15.1,11.8,13.0,15.1,11.8,13.0,91.2,9.632,100,rain,92.5
2008-11-13,15.1,11.2,12.8,15.1,11.2,12.8,78.8,19.976,100,rain,92.9
2008-11-14,14.9,10.6,12.6,14.9,10.6,12.6,62.6,2.467,100,rain,63.6
2008-11-15,15.1,7.8,11.5,15.1,5.5,11.0,61.3,0.0,0,,3.6
2008-11-16,15.9,7.2,11.0,15.9,5.6,10.6,63.3,0.0,0,,5.2
2008-11-17,14.0,7.2,10.4,14.0,4.7,9.9,60.5,0.0,0,,44.5
2008-11-18,11.5,2.8,6.6,11.5,0.7,5.1,53.1,0.0,0,,37.6
2008-11-19,12.0,2.6,6.6,12.0,-0.7,5.6,54.4,0.0,0,,15.3
2008-11-20,13.1,3.9,8.8,13.1,1.9,8.2,72.9,0.0,0,,58.1
2008-11-21,13.8,8.8,11.9,13.8,8.8,11.9,77.9,0.0,0,,91.9
2008-11-22,10.8,1.6,7.0,10.8,-1.5,5.2,28.7,2.678,100,rain,36.1
2008-11-23,10.3,0.0,4.8,10.3,-2.2,3.2,34.6,0.0,0,,17.1
2008-11-24,9.3,3.3,7.3,9.0,0.9,5.4,69.7,13.41,100,rain,84.4
2008-11-25,8.1,6.1,7.2,7.1,3.3,5.3,64.1,0.199,100,rain,87.9
2008-11-26,8.5,2.0,5.4,6.9,-1.2,3.1,52.7,0.001,100,rain,18.8
2008-11-27,9.5,0.3,4.3,9.4,-2.2,2.7,54.2,0.0,0,,0.4
2008-11-28,10.3,0.0,6.1,10.3,-2.4,4.3,63.0,6.099,100,rain,64.6
2008-11-29,11.3,5.1,8.3,11.3,1.7,7.3,87.5,30.009,100,rain,86.9
2008-11-30,13.8,8.1,11.2,13.8,6.0,10.8,81.2,12.516,100,rain,84.8
2008-12-01,15.1,10.1,12.8,15.1,10.1,12.8,71.3,13.268,100,rain,85.8
2008-12-02,13.1,7.5,10.3,13.1,5.7,10.0,76.7,4.337,100,rain,92.3
2008-12-03,12.6,4.1,8.3,12.6,4.0,7.9,80.7,6.929,100,rain,39.0
2008-12-04,13.1,3.1,6.7,13.1,2.0,5.6,69.0,0.0,0,,63.1
2008-12-05,12.1,6.1,10.1,12.1,4.0,9.2,90.2,67.235,100,rain,96.1
2008-12-06,12.5,6.2,9.1,12.5,5.1,8.7,86.6,3.422,100,rain,72.3
2008-12-07,12.8,2.0,7.5,12.8,0.9,7.0,68.7,0.0,0,,44.8
2008-12-08,12.3,1.0,6.4,12.3,-0.4,5.7,59.5,0.0,0,,26.0
2008-12-09,10.1,0.7,5.7,10.1,-1.2,5.0,74.5,0.0,0,,50.1
2008-12-10,12.8,4.4,9.3,12.8,3.4,8.7,80.3,14.494,100,rain,90.0
2008-12-11,13.4,10.1,11.8,13.4,10.1,11.8,89.7,50.796,100,rain,96.9
2008-12-12,12.0,7.1,10.1,12.0,3.5,9.0,71.2,58.103,100,rain,93.9
2008-12-13,11.6,6.3,8.7,11.6,3.4,7.7,65.2,0.869,100,rain,71.4
2008-12-14,10.8,8.1,9.4,10.8,6.2,8.4,82.1,17.369,100,rain,87.8
2008-12-15,11.3,8.3,9.8,11.3,6.5,8.8,75.0,9.265,100,rain,93.1
2008-12-16,12.3,9.0,10.6,12.3,6.9,10.3,82.3,29.273,100,rain,95.9
2008-12-17,10.5,6.8,8.9,10.5,5.2,8.2,88.2,45.001,100,rain,82.7
2008-12-18,10.1,6.3,8.1,10.1,3.8,5.7,65.9,1.033,100,rain,82.5
2008-12-19,10.0,4.6,7.4,10.0,2.5,6.8,69.0,0.203,100,rain,59.3
2008-12-20,10.6,1.9,6.7,10.6,-0.3,5.9,55.2,0.0,0,,48.2
2008-12-21,12.3,3.2,7.2,12.3,0.7,6.6,62.0,0.0,0,,23.5
2008-12-22,13.5,3.8,8.2,13.5,2.7,7.6,68.6,0.0,0,,27.3
2008-12-23,13.1,3.7,7.6,13.1,2.1,7.2,72.2,0.0,0,,22.0
2008-12-24,11.8,2.8,7.2,11.8,1.7,6.8,71.3,0.0,0,,60.9
2008-12-25,12.1,2.3,7.5,12.1,-3.5,5.7,64.3,0.002,100,rain,64.4
2008-12-26,5.0,0.8,2.6,2.8,-3.7,-1.1,48.7,0.001,100,"rain,snow",18.4
2008-12-27,4.3,-2.5,1.6,1.7,-7.8,-2.2,52.9,0.0,0,"rain,snow",45.4
2008-12-28,3.6,-1.4,1.2,0.5,-4.9,-3.0,52.1,0.0,0,"rain,snow",16.0
2008-12-29,3.8,-2.9,0.4,3.8,-5.8,-2.2,51.7,0.0,0,,0.5
2008-12-30,5.3,-3.2,0.1,3.8,-7.4,-2.6,50.1,0.0,0,,1.8
2008-12-31,6.2,-2.4,2.1,6.1,-5.8,0.6,54.9,0.0,0,,35.1
2009-01-01,7.0,1.4,4.6,5.6,0.3,3.2,86.8,22.583,100,"rain,snow",77.8
2009-01-02,7.1,-1.2,2.9,7.1,-4.8,1.3,69.6,3.787,100,"rain,snow",28.8
2009-01-03,2.6,-2.6,0.7,-0.1,-6.1,-3.0,50.3,0.0,0,"rain,snow",15.6
2009-01-04,6.8,-4.5,-0.2,6.8,-6.9,-1.6,46.3,0.0,0,"rain,snow",0.2
2009-01-05,8.8,-3.9,2.6,8.8,-6.3,1.4,50.7,0.0,0,,46.6
2009-01-06,4.1,-2.2,0.8,2.8,-5.0,-1.6,45.7,0.0,0,,65.1
2009-01-07,9.0,0.4,5.0,9.0,-3.5,3.7,60.3,0.0,0,rain,91.4
2009-01-08,5.8,-1.2,2.1,2.5,-6.5,-1.9,53.4,6.793,100,"rain,snow",45.9
2009-01-09,5.1,-2.9,0.6,4.6,-7.2,-1.4,48.4,0.0,0,,19.3
2009-01-10,9.1,-1.4,3.2,9.1,-6.5,1.4,38.4,0.0,0,,12.1
2009-01-11,13.1,-0.1,5.3,13.1,-4.6,3.6,32.9,0.0,0,,19.9
2009-01-12,11.0,-0.5,4.6,11.0,-5.2,3.3,45.3,0.0,0,,17.4
2009-01-13,11.8,-0.2,6.5,11.8,-0.6,6.0,53.1,0.0,0,,54.8
2009-01-14,7.6,4.3,5.8,6.8,0.8,4.2,79.8,8.288,100,rain,96.5
2009-01-15,8.0,2.4,6.4,7.1,0.4,4.5,63.3,1.348,100,rain,82.2
2009-01-16,10.6,1.0,5.2,10.6,-2.2,3.9,69.5,0.0,0,,10.8
2009-01-17,8.8,1.0,4.7,8.8,-2.5,3.8,70.4,0.0,0,,54.9
2009-01-18,9.7,5.3,7.4,8.8,4.5,7.0,90.0,3.649,100,rain,98.3
2009-01-19,10.9,7.5,8.7,10.9,4.9,8.1,92.7,19.087,100,rain,95.7
2009-01-20,13.0,9.8,11.6,13.0,8.4,11.5,82.4,12.594,100,rain,92.0
2009-01-21,12.8,9.1,11.1,12.8,8.1,10.8,88.1,24.991,100,rain,91.7
2009-01-22,11.8,4.7,8.2,11.8,2.4,7.1,75.7,3.805,100,rain,66.8
2009-01-23,12.3,3.8,6.7,12.3,1.1,5.7,73.3,0.0,0,,50.9
2009-01-24,10.1,3.3,6.4,10.1,2.4,5.7,82.8,17.91,100,rain,84.3
2009-01-25,10.0,4.0,7.7,7.2,0.6,4.6,58.3,1.939,100,rain,54.0
2009-01-26,11.3,3.9,7.4,11.3,0.2,6.0,63.8,0.0,0,,77.0
2009-01-27,8.3,5.6,6.6,8.1,2.9,4.9,76.1,29.683,100,rain,95.2
2009-01-28,9.0,6.2,7.6,7.1,2.8,5.3,55.2,1.511,100,rain,71.4
2009-01-29,8.8,5.7,7.2,8.5,3.2,5.8,56.1,0.002,100,rain,70.7
2009-01-30,9.8,2.3,5.8,9.0,-2.0,3.9,58.7,0.0,0,,21.5
2009-01-31,6.1,0.0,3.0,4.7,-2.4,0.3,54.0,0.0,0,,24.9
2009-02-01,5.6,0.1,3.2,5.3,-3.2,0.7,70.7,2.741,100,"rain,snow",89.3
2009-02-02,8.5,1.0,6.1,6.1,-2.7,3.7,82.3,23.144,100,"rain,snow",98.0
2009-02-03,12.0,8.4,10.7,12.0,5.3,10.2,87.3,54.972,100,rain,95.4
2009-02-04,9.7,8.0,9.1,9.3,7.8,8.8,95.2,30.131,100,rain,93.4
2009-02-05,11.7,9.0,10.4,11.7,8.0,10.2,90.9,6.086,100,rain,82.1
2009-02-06,14.1,9.4,11.6,14.1,9.4,11.6,86.5,16.464,100,rain,88.8
2009-02-07,12.7,6.4,10.9,12.7,5.2,10.8,87.4,11.263,100,rain,92.0
2009-02-08,11.1,6.9,8.3,11.1,6.0,8.0,87.5,12.867,100,rain,89.6
2009-02-09,10.8,2.4,7.2,10.8,0.3,6.0,58.5,0.0,0,,59.1
2009-02-10,9.4,3.4,6.5,8.5,1.9,5.7,82.6,32.927,100,rain,88.8
2009-02-11,9.6,4.9,7.1,8.8,2.4,6.0,61.3,0.005,100,rain,81.7
2009-02-12,9.6,1.4,5.7,8.7,-1.4,4.1,35.1,0.0,0,,32.8
2009-02-13,7.0,-0.4,3.4,5.5,-2.6,1.3,32.9,0.0,0,,41.0
2009-02-14,7.5,0.1,3.4,7.1,-3.1,1.9,37.6,0.0,0,,59.3
2009-02-15,6.8,-1.8,3.4,4.4,-5.0,1.1,34.2,0.0,0,,13.0
2009-02-16,7.1,-2.3,2.4,6.3,-5.6,1.1,47.3,0.0,0,,38.7
2009-02-17,9.0,-0.7,4.7,7.6,-3.1,3.6,64.6,0.0,0,,65.4
2009-02-18,4.2,-1.9,1.4,1.4,-6.3,-3.2,35.7,0.301,100,"rain,snow",25.6
2009-02-19,5.6,-1.5,1.5,3.3,-4.7,-1.1,39.0,0.0,0,,23.5
2009-02-20,8.8,-1.3,2.9,8.8,-6.0,1.6,43.0,0.0,0,,29.6
2009-02-21,10.8,0.4,5.6,10.8,-1.0,5.3,47.4,0.0,0,,48.0
2009-02-22,10.3,1.3,5.9,10.3,0.1,5.6,56.7,0.0,0,,70.6
2009-02-23,9.0,2.7,5.5,9.0,1.2,5.1,70.1,0.0,0,,79.5
2009-02-24,9.8,1.8,5.4,8.3,-0.1,4.0,69.3,0.001,100,rain,56.5
2009-02-25,8.8,2.1,5.4,8.3,-0.4,3.5,52.0,0.0,0,,29.1
2009-02-26,11.7,0.8,5.3,11.7,-1.5,4.7,57.8,0.0,0,,47.4
2009-02-27,11.8,2.4,6.6,11.8,-0.1,6.0,63.7,0.0,0,,34.5
2009-02-28,13.1,2.0,7.0,13.1,-0.2,6.5,70.7,0.0,0,,19.3
2009-03-01,11.7,3.2,8.5,11.7,1.2,8.0,85.7,0.0,0,,83.9
2009-03-02,10.6,8.5,9.3,10.6,7.5,9.2,91.1,2.959,100,rain,94.2
2009-03-03,11.0,8.0,9.1,11.0,8.0,9.1,92.4,3.023,100,rain,92.8
2009-03-04,12.0,8.1,9.8,12.0,8.1,9.7,91.9,26.004,100,rain,98.5
2009-03-05,12.9,8.9,10.4,12.9,6.7,9.9,83.9,27.453,100,rain,92.3
2009-03-06,13.5,6.1,9.7,13.5,5.5,9.2,68.4,24.896,100,rain,69.5
2009-03-07,16.0,7.8,11.0,16.0,6.4,10.4,49.2,0.004,100,rain,50.5
2009-03-08,14.7,4.9,9.6,14.7,3.3,9.1,50.4,0.0,0,,32.9
2009-03-09,12.0,1.9,7.4,12.0,0.3,6.2,73.3,9.21,100,rain,55.8
2009-03-10,12.9,1.1,7.3,12.9,-1.8,6.6,55.7,0.001,100,rain,54.4
2009-03-11,12.1,6.0,8.8,12.1,4.4,8.1,62.5,1.999,100,rain,59.6
2009-03-12,13.6,3.3,7.8,13.6,1.1,6.7,47.7,0.0,0,,31.0
2009-03-13,13.1,2.7,8.4,13.1,0.3,7.6,60.0,0.0,0,,32.1
2009-03-14,14.0,5.3,9.8,14.0,3.4,9.4,53.7,0.0,0,,47.5
2009-03-15,15.1,6.0,10.5,15.1,4.4,10.2,55.3,0.0,0,,64.1
2009-03-16,17.5,7.4,11.8,17.5,6.2,11.4,51.8,0.001,100,rain,28.0
2009-03-17,14.7,6.5,9.9,14.7,5.2,9.4,56.9,0.0,0,,45.7
2009-03-18,14.7,4.3,9.9,14.7,2.8,9.4,52.3,0.0,0,,17.0
2009-03-19,12.8,4.3,7.9,12.8,1.3,6.8,52.9,1.002,100,rain,54.4
2009-03-20,7.8,2.3,5.2,4.1,0.8,1.9,41.7,0.001,100,rain,36.0
2009-03-21,8.4,2.8,5.2,5.8,-1.8,1.4,44.6,0.004,100,rain,51.3
2009-03-22,12.3,2.3,7.3,12.3,-0.6,6.3,41.6,0.0,0,,15.0
2009-03-23,12.9,1.9,8.0,12.9,0.0,7.7,52.9,0.0,0,,65.9
2009-03-24,10.1,2.0,7.1,10.1,-0.3,5.2,73.4,14.984,100,rain,69.0
2009-03-25,10.1,1.0,6.5,10.1,-1.1,5.1,61.0,1.993,100,rain,47.9
2009-03-26,12.8,3.7,8.6,12.8,1.6,7.9,68.6,0.0,0,,54.5
2009-03-27,13.1,5.7,9.2,13.1,3.1,8.6,77.5,2.996,100,rain,75.8
2009-03-28,15.8,9.8,11.8,15.8,9.0,11.8,80.6,0.637,100,rain,86.0
2009-03-29,13.3,10.4,11.4,13.3,10.4,11.4,92.4,97.816,100,rain,96.8
2009-03-30,18.3,10.6,13.9,18.3,10.6,13.9,82.2,33.6,100,rain,77.3
2009-03-31,13.8,9.5,11.4,13.8,6.8,11.3,67.6,4.368,100,rain,84.6
2009-04-01,19.8,10.0,14.7,19.8,7.1,14.5,59.6,7.53,100,rain,59.0
2009-04-02,15.1,11.3,13.3,15.1,11.3,13.3,79.4,7.607,100,rain,84.4
2009-04-03,21.3,10.1,15.3,21.3,10.1,15.3,65.7,5.806,100,rain,50.9
2009-04-04,17.8,12.2,14.2,17.8,12.2,14.2,82.0,2.328,100,rain,81.6
2009-04-05,22.6,10.8,16.4,22.6,10.8,16.4,68.0,4.551,100,rain,51.5
2009-04-06,24.1,12.0,18.5,24.1,12.0,18.5,48.1,0.0,0,,16.2
2009-04-07,21.6,10.7,16.9,21.6,10.7,16.9,53.3,0.0,0,,14.8
2009-04-08,19.2,10.3,14.6,19.2,10.3,14.6,71.6,0.0,0,,15.8
2009-04-09,17.5,8.9,12.8,17.5,8.9,12.8,82.3,0.0,0,,46.6
2009-04-10,19.7,8.0,14.1,19.7,7.9,14.0,72.8,0.0,0,,9.8
2009-04-11,21.1,8.7,14.8,21.1,7.8,14.6,62.8,0.0,0,,11.4
2009-04-12,22.0,9.2,15.8,22.0,8.6,15.7,57.1,0.0,0,,10.3
2009-04-13,23.3,10.9,16.5,23.3,10.9,16.5,56.1,0.0,0,,51.1
2009-04-14,22.6,11.0,16.8,22.6,11.0,16.8,53.1,0.004,100,rain,47.8
2009-04-15,22.1,11.9,16.8,22.1,11.9,16.8,52.9,0.0,0,,20.0
2009-04-16,19.6,10.6,15.4,19.6,10.6,15.4,60.8,0.0,0,,54.5
2009-04-17,18.4,12.8,15.3,18.4,12.8,15.3,71.7,2.938,100,rain,68.6
2009-04-18,19.3,11.0,15.0,19.3,11.0,15.0,69.3,0.137,100,rain,52.7
2009-04-19,18.0,11.5,14.7,18.0,11.5,14.7,70.5,0.541,100,rain,82.8
2009-04-20,17.6,12.9,14.9,17.6,12.9,14.9,73.3,3.199,100,rain,85.2
2009-04-21,19.0,13.7,16.6,19.0,13.7,16.6,62.2,1.644,100,rain,59.2
2009-04-22,22.6,14.6,18.1,22.6,14.6,18.1,40.3,0.002,100,rain,36.9
2009-04-23,16.1,10.2,12.7,16.1,10.2,12.7,60.4,1.884,100,rain,74.5
2009-04-24,16.0,9.9,12.9,16.0,7.3,12.8,59.8,3.002,100,rain,65.9
2009-04-25,18.9,8.5,14.1,18.9,7.7,14.1,69.1,0.0,0,,41.3
2009-04-26,19.6,8.8,13.7,19.6,7.6,13.6,76.7,0.0,0,,68.3
2009-04-27,21.1,13.4,16.3,21.1,13.4,16.3,65.9,1.051,100,rain,79.9
2009-04-28,18.3,12.5,14.7,18.3,12.5,14.7,81.4,10.953,100,rain,83.0
2009-04-29,18.0,11.8,13.9,18.0,11.8,13.9,82.3,27.414,100,rain,76.5
2009-04-30,15.1,10.0,12.8,15.1,10.0,12.8,74.7,20.237,100,rain,66.6
2009-05-01,23.6,11.3,17.2,23.6,11.3,17.2,56.9,1.376,100,rain,61.1
2009-05-02,20.3,11.6,16.1,20.3,11.6,16.1,55.6,2.181,100,rain,36.4
2009-05-03,19.6,10.5,15.5,19.6,10.5,15.5,57.0,7.886,100,rain,45.5
2009-05-04,21.8,12.3,17.0,21.8,12.3,17.0,55.1,0.004,100,rain,39.3
2009-05-05,20.1,10.9,16.7,20.1,10.9,16.7,48.8,0.002,100,rain,54.3
2009-05-06,21.0,10.1,15.6,21.0,10.1,15.6,56.5,0.0,0,,61.9
2009-05-07,22.6,11.6,17.1,22.6,11.6,17.1,62.0,0.0,0,,21.7
2009-05-08,22.3,11.0,17.1,22.3,11.0,17.1,66.1,0.0,0,,51.0
2009-05-09,23.1,12.8,18.1,23.1,12.8,18.1,63.2,0.0,0,,51.9
2009-05-10,24.0,11.9,18.6,24.0,11.9,18.6,68.5,0.0,0,,50.4
2009-05-11,24.0,12.9,18.5,24.0,12.9,18.5,66.0,0.0,0,,29.6
2009-05-12,23.9,15.3,19.2,23.9,15.3,19.2,64.6,0.0,0,,50.2
2009-05-13,22.1,15.3,19.0,22.1,15.3,19.0,60.8,0.0,0,,65.4
2009-05-14,23.9,14.8,19.2,23.9,14.8,19.2,65.0,0.0,0,,68.9
2009-05-15,24.0,14.8,18.6,24.0,14.8,18.6,68.0,0.44,100,rain,75.7
2009-05-16,24.8,15.7,20.0,24.8,15.7,20.0,62.6,0.331,100,rain,58.1
2009-05-17,28.6,14.6,21.7,27.4,14.6,21.6,52.9,0.0,0,,21.7
2009-05-18,29.1,15.0,21.8,28.2,15.0,21.7,56.5,0.001,100,rain,24.2
2009-05-19,29.3,16.5,23.6,29.2,16.5,23.5,56.6,0.001,100,rain,14.0
2009-05-20,28.0,17.3,23.2,27.7,17.3,23.2,56.3,0.192,100,rain,10.1
2009-05-21,29.8,18.3,23.9,28.7,18.3,23.7,49.4,0.0,0,,37.2
2009-05-22,27.5,15.6,22.3,27.6,15.6,22.4,63.4,0.0,0,,46.9
2009-05-23,29.1,18.6,23.9,28.3,18.6,23.8,54.3,0.0,0,,0.0
2009-05-24,30.3,18.3,24.6,29.9,18.3,24.6,56.6,0.0,0,,38.6
2009-05-25,33.0,19.8,26.4,32.1,19.8,26.1,54.3,0.381,100,rain,25.4
2009-05-26,30.3,19.8,25.4,32.2,19.8,25.8,64.4,0.001,100,rain,11.9
2009-05-27,25.0,17.2,22.2,25.0,17.2,22.2,56.2,0.007,100,rain,62.5
2009-05-28,23.8,16.1,19.4,23.8,16.1,19.4,44.4,0.779,100,rain,31.7
2009-05-29,18.7,13.5,16.1,18.7,13.5,16.1,52.2,0.093,100,rain,60.6
2009-05-30,20.1,9.8,15.7,20.1,9.0,15.6,53.2,0.0,0,,55.0
2009-05-31,20.3,12.3,15.9,20.3,12.3,15.9,64.0,0.016,100,rain,64.4
2009-06-01,21.6,13.4,17.8,21.6,13.4,17.8,59.6,0.0,0,,67.7
2009-06-02,24.3,16.1,19.6,24.3,16.1,19.6,46.2,0.0,0,,51.3
2009-06-03,26.0,14.9,19.8,26.0,14.9,19.8,58.6,0.0,0,,52.3
2009-06-04,24.1,14.3,18.5,24.1,14.3,18.5,67.8,5.89,100,rain,72.2
2009-06-05,21.6,15.8,18.9,21.6,15.8,18.9,79.1,23.017,100,rain,85.8
2009-06-06,23.1,17.2,20.6,23.1,17.2,20.6,74.0,3.104,100,rain,70.3
2009-06-07,22.1,16.5,19.2,22.1,16.5,19.2,81.6,7.607,100,rain,68.2
2009-06-08,24.6,15.3,20.4,24.6,15.3,20.4,69.7,0.001,100,rain,39.2
2009-06-09,26.2,16.2,21.0,26.2,16.2,21.0,63.0,0.0,0,,54.2
2009-06-10,25.0,17.4,21.3,25.0,17.4,21.3,68.7,0.0,0,,55.8
2009-06-11,26.5,16.1,21.0,26.5,16.1,21.0,63.8,0.001,100,rain,33.7
2009-06-12,26.3,17.6,21.9,26.3,17.6,21.9,52.1,5.68,100,rain,32.5
2009-06-13,27.8,16.0,22.1,27.3,16.0,22.0,53.3,0.189,100,rain,14.3
2009-06-14,28.3,16.3,22.7,27.5,16.3,22.6,52.9,0.0,0,,11.3
2009-06-15,29.8,18.4,23.7,29.2,18.4,23.6,50.9,0.0,0,,34.7
2009-06-16,30.0,20.8,25.4,29.3,20.8,25.3,48.3,0.0,0,,36.3
2009-06-17,25.3,18.4,22.8,25.3,18.4,22.8,48.4,0.568,100,rain,63.6
2009-06-18,30.8,16.1,23.8,29.1,16.1,23.5,46.0,0.0,0,,23.8
2009-06-19,30.3,15.1,24.6,29.6,15.1,24.4,50.2,0.0,0,,9.6
2009-06-20,23.7,14.9,19.0,23.7,14.9,19.0,61.8,23.092,100,rain,70.8
2009-06-21,22.3,16.6,19.5,22.3,16.6,19.5,44.7,0.015,100,rain,52.4
2009-06-22,18.4,15.2,16.8,18.4,15.2,16.8,53.6,5.086,100,rain,80.2
2009-06-23,18.7,13.6,16.4,18.7,13.6,16.4,69.7,1.498,100,rain,74.2
2009-06-24,22.9,13.9,18.5,22.9,13.9,18.5,72.1,1.198,100,rain,74.7
2009-06-25,26.3,16.8,20.7,26.3,16.8,20.7,66.5,0.092,100,rain,69.9
2009-06-26,23.9,16.9,20.4,23.9,16.9,20.4,78.1,1.015,100,rain,49.1
2009-06-27,24.1,17.1,20.3,24.1,17.1,20.3,80.0,1.357,100,rain,65.6
2009-06-28,26.1,17.5,20.9,26.1,17.5,20.9,78.5,12.238,100,rain,78.2
2009-06-29,27.0,18.3,22.9,27.6,18.3,22.9,69.6,1.223,100,rain,66.2
2009-06-30,28.6,19.8,24.2,28.6,19.8,24.3,60.4,0.003,100,rain,47.2
2009-07-01,29.0,20.8,24.1,29.3,20.8,24.3,64.1,0.005,100,rain,54.9
2009-07-02,29.6,20.8,25.0,30.5,20.8,25.3,63.3,0.998,100,rain,60.5
2009-07-03,29.8,19.0,24.7,30.5,19.0,25.0,65.1,0.03,100,rain,62.6
2009-07-04,31.3,20.8,25.5,31.0,20.8,25.6,59.8,0.802,100,rain,48.3
2009-07-05,30.6,21.1,25.7,30.0,21.1,25.7,56.2,0.001,100,rain,47.5
2009-07-06,28.0,19.7,23.8,28.6,19.7,23.9,69.5,2.003,100,rain,51.8
2009-07-07,25.9,19.6,22.4,25.9,19.6,22.4,80.6,4.006,100,rain,71.1
2009-07-08,27.1,16.9,22.7,27.5,16.9,22.7,70.2,21.061,100,rain,52.2
2009-07-09,26.5,15.8,21.5,26.5,15.8,21.5,62.2,0.002,100,rain,27.3
2009-07-10,24.0,17.9,20.3,24.0,17.9,20.3,64.5,3.001,100,rain,73.7
2009-07-11,25.1,15.8,20.7,25.1,15.8,20.7,48.1,0.585,100,rain,40.0
2009-07-12,26.9,14.6,21.2,26.6,14.6,21.2,51.0,0.0,0,,23.6
2009-07-13,28.3,15.2,22.8,28.0,15.2,22.8,52.9,0.0,0,,16.4
2009-07-14,30.0,18.1,24.2,29.6,18.1,24.2,59.2,0.0,0,,10.2
2009-07-15,31.8,20.1,26.1,32.8,20.1,26.3,59.2,0.0,0,,11.6
2009-07-16,34.6,19.3,27.7,35.0,19.3,28.0,56.1,0.0,0,,2.8
2009-07-17,34.1,18.9,28.0,35.4,18.9,28.2,52.0,0.0,0,,6.3
2009-07-18,26.7,16.2,21.2,26.7,16.2,21.2,74.4,49.042,100,rain,62.1
2009-07-19,26.1,12.0,20.0,26.1,12.0,20.0,55.1,2.274,100,rain,12.7
2009-07-20,28.8,14.3,22.5,28.2,14.3,22.4,56.9,0.0,0,,9.3
2009-07-21,30.0,15.4,23.6,28.9,15.4,23.3,55.0,0.0,0,,14.9
2009-07-22,29.6,16.8,24.0,30.0,16.8,24.3,64.4,0.0,0,,10.5
2009-07-23,31.8,19.1,25.6,31.9,19.1,25.7,59.4,0.0,0,,12.2
2009-07-24,31.9,20.5,27.1,32.0,20.5,27.2,53.0,0.0,0,,1.7
2009-07-25,29.1,20.5,25.0,28.1,20.5,24.8,49.0,0.001,100,rain,40.0
2009-07-26,28.6,16.4,23.7,27.7,16.4,23.4,44.6,0.0,0,,20.9
2009-07-27,30.6,14.3,23.6,29.0,14.3,23.2,48.8,0.0,0,,1.0
2009-07-28,30.8,16.2,24.5,30.6,16.2,24.3,53.6,0.0,0,,23.5
2009-07-29,31.6,17.9,26.2,31.1,17.9,26.0,51.3,0.0,0,,5.2
2009-07-30,33.6,17.7,27.2,32.3,17.7,26.8,49.4,0.0,0,,14.3
2009-07-31,32.3,21.4,27.9,31.8,21.4,27.6,43.7,0.0,0,,48.2
2009-08-01,34.0,18.6,27.3,32.8,18.6,27.1,48.5,0.0,0,,10.3
2009-08-02,32.5,18.9,26.4,32.5,18.9,26.3,52.4,0.0,0,,10.1
2009-08-03,31.5,22.1,26.5,31.0,22.1,26.5,58.8,0.095,100,rain,64.1
2009-08-04,26.1,17.9,21.4,26.1,17.9,21.4,74.4,16.999,100,rain,74.9
2009-08-05,27.8,16.9,23.5,27.6,16.9,23.5,54.9,0.878,100,rain,32.4
2009-08-06,29.1,17.0,24.8,28.8,17.0,24.6,53.0,0.0,0,,30.6
2009-08-07,30.6,17.4,25.2,30.0,17.4,25.0,53.1,0.0,0,,22.9
2009-08-08,32.0,17.7,26.2,31.3,17.7,26.1,51.4,0.0,0,,22.4
2009-08-09,32.5,17.1,26.2,30.8,17.1,25.7,45.4,0.0,0,,34.7
2009-08-10,30.1,17.1,24.6,29.6,17.1,24.7,59.8,0.0,0,,41.9
2009-08-11,28.0,17.3,22.8,28.2,17.3,22.8,72.6,35.702,100,rain,61.5
2009-08-12,28.3,16.7,23.8,28.3,16.7,23.7,60.3,0.0,0,,28.4
2009-08-13,30.8,17.0,24.4,30.4,17.0,24.3,60.2,0.002,100,rain,28.4
2009-08-14,27.9,18.2,23.0,28.5,18.2,23.0,68.9,16.02,100,rain,51.9
2009-08-15,30.3,16.9,24.3,29.6,16.9,24.1,58.8,0.0,0,,16.1
2009-08-16,32.1,17.1,25.1,31.3,17.1,24.9,59.5,0.0,0,,9.0
2009-08-17,34.0,18.4,26.4,32.3,18.4,26.2,53.6,0.0,0,,22.2
2009-08-18,34.3,18.0,27.1,34.4,18.0,26.9,50.9,0.0,0,,21.8
2009-08-19,34.1,19.6,27.8,33.6,19.6,27.8,50.5,0.0,0,,16.1
2009-08-20,33.5,19.6,27.7,33.9,19.6,28.0,53.4,0.0,0,,7.0
2009-08-21,33.1,19.3,27.1,33.1,19.3,27.2,56.2,0.0,0,,11.2
2009-08-22,33.6,20.4,27.6,33.2,20.4,27.5,52.4,0.0,0,,38.8
2009-08-23,28.1,18.4,24.0,27.6,18.4,23.9,53.6,2.986,100,rain,21.0
2009-08-24,28.1,14.6,23.1,27.7,14.6,23.1,50.4,0.0,0,,12.4
2009-08-25,30.8,14.2,23.5,29.3,14.2,23.2,50.0,0.0,0,,1.7
2009-08-26,30.1,15.1,23.9,29.8,15.1,23.8,58.0,0.0,0,,25.1
2009-08-27,32.0,17.9,25.3,31.8,17.9,25.4,63.9,0.001,100,rain,11.0
2009-08-28,31.1,18.0,25.7,32.5,18.0,26.0,63.3,0.0,0,,5.1
2009-08-29,31.6,18.3,24.0,32.3,18.3,24.2,65.4,1.009,100,rain,48.1
2009-08-30,26.1,15.7,20.8,26.1,15.7,20.8,47.6,8.643,100,rain,36.9
2009-08-31,29.0,11.9,21.8,27.8,11.9,21.6,45.9,0.0,0,,9.1
2009-09-01,29.1,13.7,22.3,28.0,13.7,22.1,52.1,0.0,0,,0.2
2009-09-02,29.8,15.1,23.2,28.8,15.1,23.0,56.0,0.0,0,,10.7
2009-09-03,28.2,18.4,23.2,29.9,18.4,23.4,77.1,4.583,100,rain,66.7
2009-09-04,28.3,20.1,24.1,30.5,20.1,24.3,81.9,18.766,100,rain,61.5
2009-09-05,23.9,16.3,20.1,23.9,16.3,20.1,55.9,11.363,100,rain,38.9
2009-09-06,23.3,13.4,19.1,23.3,13.4,19.1,44.0,0.0,0,,11.6
2009-09-07,24.3,10.3,18.7,24.3,10.3,18.7,47.6,0.0,0,,22.7
2009-09-08,25.2,10.6,19.3,25.2,10.6,19.3,49.9,0.0,0,,22.0
2009-09-09,26.1,13.2,19.9,26.1,13.2,19.9,52.8,0.0,0,,56.7
2009-09-10,28.0,15.7,22.6,27.4,15.7,22.6,50.7,0.0,0,,61.7
2009-09-11,23.8,16.7,21.8,23.8,16.7,21.8,51.1,0.002,100,rain,67.4
2009-09-12,27.1,16.4,22.1,26.9,16.4,22.1,55.8,1.097,100,rain,70.0
2009-09-13,25.1,14.9,20.7,25.1,14.9,20.7,59.1,0.0,0,,52.0
2009-09-14,22.8,15.1,18.6,22.8,15.1,18.6,72.1,4.473,100,rain,76.0
2009-09-15,24.1,13.0,19.0,24.1,13.0,19.0,72.8,30.268,100,rain,64.3
2009-09-16,24.1,17.6,20.8,24.1,17.6,20.8,71.1,6.966,100,rain,82.5
2009-09-17,23.1,15.8,19.1,23.1,15.8,19.1,86.4,62.116,100,rain,70.3
2009-09-18,26.8,15.6,20.9,27.0,15.6,21.0,73.0,0.035,100,rain,37.0
2009-09-19,25.9,14.6,21.2,25.9,14.6,21.2,65.0,0.0,0,,29.2
2009-09-20,27.3,15.1,22.0,27.4,15.1,22.0,63.2,0.092,100,rain,25.1
2009-09-21,27.3,15.6,22.4,27.3,15.6,22.4,57.6,0.0,0,,31.9
2009-09-22,27.3,13.3,21.4,26.9,13.3,21.4,53.6,0.0,0,,1.6
2009-09-23,27.6,12.4,20.8,27.0,12.4,20.7,55.9,0.0,0,,2.7
2009-09-24,28.1,12.7,20.8,27.5,12.7,20.8,59.5,0.0,0,,5.4
2009-09-25,24.5,13.4,20.5,24.5,13.4,20.5,57.7,0.001,100,rain,37.5
2009-09-26,25.1,14.1,20.1,25.1,14.1,20.1,55.2,0.0,0,,18.6
2009-09-27,26.0,12.0,20.4,26.0,12.0,20.4,52.5,0.0,0,,19.9
2009-09-28,26.6,12.4,20.5,26.6,12.4,20.5,58.8,0.0,0,,6.9
2009-09-29,25.3,12.5,19.4,25.3,12.5,19.4,65.5,0.0,0,,20.7
2009-09-30,24.3,12.6,19.1,24.3,12.6,19.1,72.9,0.0,0,,36.7
2009-10-01,24.0,14.5,19.8,24.0,14.5,19.8,81.3,0.0,0,,69.7
2009-10-02,21.1,15.1,17.9,21.1,15.1,17.9,70.4,7.984,100,rain,67.0
2009-10-03,21.1,10.4,16.1,21.1,10.4,16.1,56.7,0.299,100,rain,15.3
2009-10-04,21.6,7.9,15.6,21.6,7.2,15.5,58.5,0.0,0,,16.6
2009-10-05,21.6,11.8,17.9,21.6,11.8,17.9,74.8,0.0,0,,72.9
2009-10-06,23.1,16.1,19.5,23.1,16.1,19.5,82.2,0.0,0,,69.7
2009-10-07,24.1,15.1,19.7,24.1,15.1,19.7,81.9,0.0,0,,56.6
2009-10-08,24.0,14.6,19.2,24.0,14.6,19.2,81.5,0.0,0,,53.2
2009-10-09,24.6,13.3,19.0,24.6,13.3,19.0,74.7,0.001,100,rain,56.6
2009-10-10,21.6,15.6,18.3,21.6,15.6,18.3,85.4,3.175,100,rain,76.2
2009-10-11,22.3,13.5,18.2,22.3,13.5,18.2,72.2,6.904,100,rain,57.9
2009-10-12,17.6,9.3,13.7,17.6,6.1,13.5,75.9,32.985,100,rain,78.8
2009-10-13,17.6,6.6,12.5,17.6,4.2,11.9,41.9,2.805,100,rain,29.7
2009-10-14,13.5,5.4,10.0,13.5,2.7,9.2,34.2,0.0,0,,45.8
2009-10-15,13.0,2.0,8.3,13.0,-0.5,7.2,45.3,0.0,0,,51.7
2009-10-16,14.1,1.9,9.3,14.1,-2.2,8.3,46.4,0.0,0,,30.6
2009-10-17,15.8,4.3,10.9,15.8,1.9,10.2,47.3,0.0,0,,44.8
2009-10-18,12.1,3.6,8.9,12.1,-0.3,7.5,52.9,0.19,100,rain,31.7
2009-10-19,11.3,3.0,8.6,11.3,-0.6,7.1,49.8,0.0,0,,35.3
2009-10-20,11.5,1.0,7.6,11.5,-1.7,6.7,59.9,0.0,0,,52.2
2009-10-21,15.8,9.0,12.5,15.8,8.3,12.4,74.3,0.299,100,rain,91.0
2009-10-22,17.8,11.6,15.7,17.8,11.6,15.7,87.0,5.232,100,rain,84.6
2009-10-23,19.1,9.1,14.0,19.1,7.8,13.9,78.8,7.248,100,rain,63.1
2009-10-24,17.1,11.5,14.9,17.1,11.5,14.9,58.7,11.329,100,rain,54.1
2009-10-25,20.8,8.3,14.7,20.8,5.5,14.4,65.6,0.0,0,,30.0
2009-10-26,19.8,8.8,14.8,19.8,7.2,14.6,67.8,0.0,0,,6.6
2009-10-27,20.9,8.8,14.8,20.9,7.1,14.6,61.3,0.0,0,,6.8
2009-10-28,19.8,6.1,13.8,19.8,3.9,13.6,61.6,0.0,0,,36.7
2009-10-29,20.1,8.1,14.0,20.1,6.9,13.8,62.6,0.0,0,,21.5
2009-10-30,17.6,6.6,11.7,17.6,3.5,11.1,58.4,0.0,0,,26.6
2009-10-31,13.0,1.0,7.6,13.0,-3.1,6.0,55.9,0.0,0,,7.5
2009-11-01,15.3,0.5,8.1,15.3,-2.9,6.9,51.8,0.0,0,,14.5
2009-11-02,12.7,1.5,8.9,12.7,-0.4,8.3,76.9,0.316,100,rain,70.6
2009-11-03,12.4,3.3,7.9,12.4,-0.1,5.7,71.5,66.77,100,rain,81.5
2009-11-04,11.0,1.3,7.3,11.0,-1.3,6.1,81.0,22.222,100,"rain,snow",71.6
2009-11-05,12.9,6.4,9.7,12.9,3.8,8.8,82.6,20.23,100,rain,78.6
2009-11-06,11.0,7.5,9.0,11.0,5.5,7.8,84.2,28.319,100,rain,92.8
2009-11-07,14.0,6.5,9.4,14.0,4.9,8.6,79.4,0.381,100,rain,75.3
2009-11-08,11.8,4.3,9.3,11.8,1.8,8.5,76.0,3.001,100,rain,80.0
2009-11-09,13.3,7.4,10.4,13.3,5.4,9.7,78.9,25.395,100,rain,81.2
2009-11-10,14.5,6.9,11.2,14.5,4.5,10.6,64.9,7.266,100,rain,67.4
2009-11-11,14.5,4.8,10.1,14.5,3.6,9.6,66.2,0.095,100,rain,41.6
2009-11-12,13.8,3.0,9.2,13.8,1.2,8.6,77.0,0.0,0,,26.0
2009-11-13,14.1,6.9,11.2,14.1,5.8,10.9,81.9,0.0,0,,85.9
2009-11-14,14.5,10.5,12.8,14.5,10.5,12.8,87.5,0.0,0,,92.7
2009-11-15,14.9,10.9,13.4,14.9,10.9,13.4,90.1,0.0,0,,93.3
2009-11-16,14.6,12.4,13.7,14.6,12.4,13.7,91.8,2.168,100,rain,95.0
2009-11-17,14.9,12.3,13.7,14.9,12.3,13.7,92.7,0.534,100,rain,98.2
2009-11-18,14.1,11.8,12.9,14.1,11.8,12.9,92.5,0.798,100,rain,94.8
2009-11-19,16.7,10.2,12.8,16.7,10.2,12.8,84.0,0.0,0,,73.5
2009-11-20,14.8,8.6,11.4,14.8,8.6,11.3,82.5,0.0,0,,44.4
2009-11-21,13.3,9.6,11.0,13.3,8.7,11.0,79.9,0.0,0,,91.2
2009-11-22,12.1,7.7,10.3,12.1,6.7,10.2,82.9,0.0,0,,94.1
2009-11-23,14.7,9.9,12.4,14.7,9.9,12.4,89.8,20.126,100,rain,92.1
2009-11-24,14.3,9.0,11.3,14.3,8.9,11.3,86.2,0.0,0,,77.0
2009-11-25,13.0,8.0,10.9,13.0,8.0,10.9,85.5,0.0,0,,94.3
2009-11-26,15.1,9.6,12.6,15.1,9.6,12.6,84.5,0.254,100,rain,89.8
2009-11-27,14.4,12.1,13.1,14.4,12.1,13.1,89.2,11.517,100,rain,89.8
2009-11-28,13.8,8.7,11.2,13.8,7.6,10.9,83.6,11.099,100,rain,83.6
2009-11-29,15.0,8.0,12.1,15.0,5.9,11.9,83.9,0.001,100,rain,76.4
2009-11-30,16.9,12.5,15.3,16.9,12.5,15.3,74.3,1.54,100,rain,85.4
2009-12-01,12.3,7.3,9.6,12.3,5.9,9.1,88.6,35.889,100,rain,70.4
2009-12-02,13.3,4.9,8.6,13.3,2.3,7.8,71.9,1.008,100,rain,29.8
2009-12-03,14.1,1.8,7.5,14.1,-1.2,6.2,65.7,0.0,0,,21.1
2009-12-04,11.3,2.4,7.2,11.3,0.7,5.6,75.1,4.101,100,rain,77.5
2009-12-05,12.1,5.0,7.8,12.1,1.9,6.2,65.1,4.967,100,rain,42.5
2009-12-06,11.5,1.5,6.7,11.5,-1.0,5.5,70.1,0.0,0,,65.3
2009-12-07,10.6,3.6,8.1,10.6,2.2,7.7,84.9,0.3,100,rain,87.1
2009-12-08,12.0,7.1,10.3,12.0,4.8,9.7,89.4,103.119,100,rain,95.8
2009-12-09,12.0,5.0,8.0,12.0,2.7,7.3,65.2,7.613,100,rain,52.9
2009-12-10,12.5,2.6,7.3,12.5,0.4,6.3,62.7,0.0,0,,28.9
2009-12-11,13.1,2.9,8.5,13.1,-0.3,7.7,64.2,0.19,100,rain,56.7
2009-12-12,9.1,4.1,6.1,7.8,-0.7,2.4,52.6,0.001,100,rain,63.1
2009-12-13,5.1,-0.5,3.3,2.0,-5.1,-0.8,52.0,0.0,0,"rain,snow",19.1
2009-12-14,3.3,-0.6,2.3,2.8,-5.6,-1.5,60.2,0.007,100,"rain,snow",75.5
2009-12-15,2.3,-2.0,1.0,-2.9,-8.3,-4.8,57.2,0.001,100,"rain,snow",58.7
2009-12-16,1.8,-2.6,0.1,1.5,-8.2,-3.2,56.9,0.0,0,,55.9
2009-12-17,1.3,-4.9,-1.2,1.3,-9.7,-4.8,56.7,0.0,0,,59.0
2009-12-18,0.2,-6.0,-2.1,-1.7,-11.8,-6.5,50.4,0.0,0,"rain,snow",17.5
2009-12-19,-1.0,-4.9,-3.4,-6.3,-12.5,-8.9,62.8,7.337,100,"rain,snow",86.0
2009-12-20,2.3,-10.6,-3.3,2.3,-17.1,-5.9,55.7,0.152,100,"rain,snow",23.0
2009-12-21,7.1,-6.3,2.1,4.0,-7.3,-0.1,77.5,0.005,100,"rain,snow",85.9
2009-12-22,11.6,4.5,8.7,11.6,3.0,7.8,94.4,94.612,100,rain,98.1
2009-12-23,14.7,9.4,12.5,14.7,8.9,12.5,84.0,72.226,100,rain,77.9
2009-12-24,16.0,10.4,13.1,16.0,10.4,13.1,87.3,28.51,100,rain,92.8
2009-12-25,16.0,8.0,13.5,16.0,7.7,13.5,86.5,57.676,100,rain,80.9
2009-12-26,11.8,5.3,8.9,11.8,3.5,8.0,63.8,1.657,100,rain,76.0
2009-12-27,9.0,1.9,6.7,9.0,-0.4,5.1,68.5,1.003,100,"rain,snow",66.9
2009-12-28,9.1,-1.0,5.2,9.1,-3.3,4.4,68.3,0.0,0,"rain,snow",51.7
2009-12-29,8.7,5.2,7.4,8.7,3.7,7.3,94.8,10.137,100,rain,97.3
2009-12-30,11.3,6.7,9.0,11.3,6.7,8.9,95.8,35.928,100,rain,99.6
2009-12-31,12.0,7.7,9.9,12.0,6.5,9.7,95.2,3.021,100,rain,96.5